type_cv,num_runs,best_run_max,best_run_last,best_it_max,best_it_last,best_acc_train_max,best_acc_train_last,best_acc_val_max,best_acc_val_last,avg_acc_train_max,avg_acc_train_last,avg_acc_val_max,avg_acc_val_last
SPACL,4,1,1,50,499,100.0,93.75,92.7,89.8,98.95833333333331,89.0625,93.975,86.45
NCL,5,2,2,190,499,100.0,95.83333333333331,89.8,87.10000000000001,95.83333333333331,88.75,88.14,86.22
CL,5,3,2,476,499,93.75,89.58333333333333,85.10000000000001,85.5,89.58333333333333,86.66666666666666,84.78,86.20000000000002
ACL,5,1,1,284,499,95.83333333333331,91.66666666666666,91.6,81.2,92.5,88.75,88.67999999999999,88.02000000000001
SPCL,5,1,1,454,499,95.83333333333333,93.75,86.10000000000001,85.4,87.91666666666666,86.24999999999999,82.9,82.64000000000001
